{
  "timestamp": "2026-02-05T22:18:57.974304",
  "benchmarks": {
    "vector_search_latency": {
      "operation": "vector_search",
      "trials": 10,
      "latencies_ms": {
        "min": 0.013828277587890625,
        "max": 0.030994415283203125,
        "mean": 0.01709461212158203,
        "median": 0.0152587890625
      },
      "throughput_queries_per_second": 58497.96373779637
    },
    "text_search_latency": {
      "operation": "text_search",
      "trials": 10,
      "latencies_ms": {
        "min": 0.00476837158203125,
        "max": 0.010013580322265625,
        "mean": 0.0062465667724609375,
        "median": 0.0059604644775390625
      },
      "throughput_queries_per_second": 160087.93893129771
    },
    "hybrid_search_latency": {
      "operation": "hybrid_search",
      "trials": 10,
      "latencies_ms": {
        "min": 0.03314018249511719,
        "max": 0.06413459777832031,
        "mean": 0.04000663757324219,
        "median": 0.03600120544433594
      },
      "throughput_queries_per_second": 24995.85220500596
    },
    "embedding_time": {
      "operation": "embedding_generation",
      "trials": 10,
      "average_embedding_time_ms": 11.91,
      "total_embedding_time_ms": 119.14300000000001
    },
    "cache_effectiveness": {
      "operation": "cache_effectiveness",
      "cache_hits": 4,
      "cache_misses": 1,
      "cache_hit_rate": 0.8
    },
    "result_quality": {
      "operation": "result_quality",
      "quality_by_relevance": {
        "high_relevance": {
          "avg_score": 0.866,
          "num_results": 10
        },
        "medium_relevance": {
          "avg_score": 0.46749999999999997,
          "num_results": 10
        },
        "low_relevance": {
          "avg_score": 0.2645,
          "num_results": 10
        }
      }
    },
    "scaling": {
      "operation": "scaling",
      "latency_by_limit": {
        "limit_1": {
          "latency_ms": 0.06604194641113281
        },
        "limit_5": {
          "latency_ms": 0.0591278076171875
        },
        "limit_10": {
          "latency_ms": 0.05221366882324219
        },
        "limit_25": {
          "latency_ms": 0.07009506225585938
        },
        "limit_50": {
          "latency_ms": 0.0858306884765625
        }
      }
    }
  },
  "summary": {
    "fastest_operation": [
      "text_search_latency",
      0.0062465667724609375
    ],
    "slowest_operation": [
      "hybrid_search_latency",
      0.04000663757324219
    ],
    "best_throughput": [
      "text_search_latency",
      160087.93893129771
    ],
    "highest_cache_hit_rate": 0.8
  }
}